-- RentFux MySQL data dump
-- Generated by migrate_to_mysql.py
SET FOREIGN_KEY_CHECKS=0;
SET NAMES utf8mb4;

-- locations: 2 rows
INSERT INTO `locations` (`id`, `name`, `address`, `city`, `postal_code`, `phone`, `email`, `active`, `created_at`) VALUES
  ('loc-hamburg-hbf', 'RentFux Bremerhaven', 'Deichstr. 48', 'Bremerhaven', '27568', '+49 471 0000000', 'info@rentfux.de', 1, '2026-04-22 21:15:15.872'),
  ('67309a35-2ea7-4819-89dd-c88a34dcddd0', 'RentFUX Bremen', 'Bremerstr. 2', 'Bremen', '28199', '+49 421 111111', 'bre@rentfux.de', 1, '2026-06-18 20:32:12.298');

-- users: 27 rows
INSERT INTO `users` (`id`, `email`, `password_hash`, `role`, `name`, `phone`, `address_street`, `address_postal_code`, `address_city`, `address_country`, `date_of_birth`, `license_number`, `license_country`, `license_issued_at`, `license_expires_at`, `is_business`, `company_name`, `company_vat_id`, `company_contact_name`, `company_contact_email`, `profile_complete`, `created_at`, `updated_at`) VALUES
  ('ffcb8066-d59c-4ad6-beed-ef147fe81f47', 'admin@rentfux.de', '$2b$12$NxLTB2C3RfXVC2iXj7DrweyjCOsTDkFhefiPPsWJ/kxwe4Wmchoeq', 'admin', 'RentFux Admin', '+4915228076375', NULL, NULL, NULL, 'Deutschland', NULL, NULL, NULL, NULL, NULL, 0, NULL, NULL, NULL, NULL, 0, '2026-04-22 21:15:15.871', NULL),
  ('1e7f87e0-e72f-4b31-b38e-ad91b4414ce3', 'test_dup_317628@rentfux.de', '$2b$12$U7RxFgnt5I4yjXTNxICEXOIcJ862VYGgaHyVb3bxQiwQDu7uhzLAi', 'user', 'Admin Updated Name', NULL, NULL, NULL, NULL, 'Deutschland', NULL, NULL, NULL, NULL, NULL, 0, NULL, NULL, NULL, NULL, 0, '2026-04-22 21:24:19.983', NULL),
  ('e55cba00-102d-4961-afe8-14d633ced942', 'test_user_6b5669ef@rentfux.de', '$2b$12$gVug6DPQV1xqtz8Xstw9E.KlAxikd8r/J0vh2LTysWrMaICrtkmwO', 'user', 'Updated Name', '+491709999999', NULL, NULL, NULL, 'Deutschland', NULL, NULL, NULL, NULL, NULL, 0, NULL, NULL, NULL, NULL, 0, '2026-04-22 21:24:20.903', NULL),
  ('ca638339-92f6-4965-bcd6-c1cf9abc66b4', 'test_user_006bdaf8@rentfux.de', '$2b$12$YA1P8/idEdjoYmcARp7TL.wtXPsNDmqwBZjKqZ32wgG4gERrQRg3m', 'user', 'Updated Name', '+491709999999', NULL, NULL, NULL, 'Deutschland', NULL, NULL, NULL, NULL, NULL, 0, NULL, NULL, NULL, NULL, 0, '2026-04-22 21:25:17.789', NULL),
  ('dd77d58b-0f3a-4db7-b74b-27076df0b8ea', 'test_other_6f4512@rentfux.de', '$2b$12$esXDANl3wqElxhxPR14Q4OH2ZbM3jtN0gfcc2gZNSDFokZ174eOjW', 'user', 'Other', NULL, NULL, NULL, NULL, 'Deutschland', NULL, NULL, NULL, NULL, NULL, 0, NULL, NULL, NULL, NULL, 0, '2026-04-22 21:25:19.341', NULL),
  ('328ffba1-90af-4466-864b-12227b676368', 'test_user_c82d768a@rentfux.de', '$2b$12$81Sh/rjjaRqrqUMv0e7VFOLaxOGR4Jt8tcxK6WinV9YaVBiU41EGK', 'user', 'Test User', '+491701234567', NULL, NULL, NULL, 'Deutschland', NULL, NULL, NULL, NULL, NULL, 0, NULL, NULL, NULL, NULL, 0, '2026-04-22 21:25:27.765', NULL),
  ('0591f239-2c0c-49a2-a3bb-c2e11de00751', 'test_dup_0874bf@rentfux.de', '$2b$12$jji9MHHQW2qf9PXGFK1xfuO6DvZgOyVBcwbsJUNBS6yOUheVPnfZe', 'user', 'Dup', NULL, NULL, NULL, NULL, 'Deutschland', NULL, NULL, NULL, NULL, NULL, 0, NULL, NULL, NULL, NULL, 0, '2026-04-22 21:25:39.485', NULL),
  ('fc7d5e87-2b3f-45a6-b23f-0f59f9ebf9e6', 'test_user_a42928a4@rentfux.de', '$2b$12$AkNKzTS3IT5ry0jk1rc9veDWP0ETEhJ4VJ/twuMXuV2cm3OmWNAvq', 'user', 'Updated Name', '+491709999999', NULL, NULL, NULL, 'Deutschland', NULL, NULL, NULL, NULL, NULL, 0, NULL, NULL, NULL, NULL, 0, '2026-04-22 21:25:40.400', NULL),
  ('de163888-749b-4fc0-a4f9-f626afabd5c3', 'test_other_1dab53@rentfux.de', '$2b$12$bRLgBFoGX5AUdANkhwCcNOUOQd16AFA.3urLqjn8pFL0myRZ1qvum', 'user', 'Other', NULL, NULL, NULL, NULL, 'Deutschland', NULL, NULL, NULL, NULL, NULL, 0, NULL, NULL, NULL, NULL, 0, '2026-04-22 21:25:42.259', NULL),
  ('c4bf6fe6-fcd7-4599-b952-a3cddf4459cc', 'test_brute_0bb185@rentfux.de', '$2b$12$032AbVOKl80BghGJ.YcoYOz5gWZbXebAeiXpWM0bIIovggsprH8S2', 'user', 'B', NULL, NULL, NULL, NULL, 'Deutschland', NULL, NULL, NULL, NULL, NULL, 0, NULL, NULL, NULL, NULL, 0, '2026-04-22 21:25:44.856', NULL),
  ('25329202-ca2f-4ab1-a033-2697938ee569', 'testadminbk_1776893457@rf.de', '$2b$12$B9ETvWiE.pGVq8fq476TsOKscYvb8OI29Sivzzr2ROZIcWijmIFyy', 'user', 'Test', NULL, NULL, NULL, NULL, 'Deutschland', NULL, NULL, NULL, NULL, NULL, 0, NULL, NULL, NULL, NULL, 0, '2026-04-22 21:30:57.501', NULL),
  ('ca4ef2ac-a4a3-4e94-9a17-c6b809d13c6d', 'doc_test_1776894207@rf.de', '$2b$12$vW8eCfYDsWoMPJxej0nU.OSUVMgv19zy9vA3MuZc2kKgy7P6jxe7e', 'user', 'Max Muster', '+49 170 123456', NULL, NULL, NULL, 'Deutschland', NULL, NULL, NULL, NULL, NULL, 0, NULL, NULL, NULL, NULL, 0, '2026-04-22 21:43:28.167', NULL),
  ('ad029ea7-b0d4-495c-bc9e-a3fcd3317541', 'biz_1776894497@rf.de', '$2b$12$u41gAVKI5BU9fLnehkz61ub4AT.qQX9OP53QGcsXQ6fZwrnbdtUS6', 'user', 'Bob Biz', NULL, NULL, NULL, NULL, 'Deutschland', NULL, NULL, NULL, NULL, NULL, 1, NULL, 'DE123456789', NULL, NULL, 0, '2026-04-22 21:48:18.086', NULL),
  ('58505d7c-ba94-47c9-9e9d-7ae4c7de35fd', 'guest_acc_1776896113@rf.de', '$2b$12$ubN70/VPQ/AuC2N8CLNezej/xvHCDpnkfNVMDRQlPQ0j2RLd5sAUK', 'user', 'Tim Neu', '+49 151 55', NULL, NULL, NULL, 'Deutschland', NULL, NULL, NULL, NULL, NULL, 0, NULL, NULL, NULL, NULL, 0, '2026-04-22 22:15:14.054', NULL),
  ('966fdb9b-5dd2-4f6a-874d-354ebc57624d', 'flow_1776899507@rf.de', '$2b$12$3zcuPoW1vmJuM1752E0iPOOI01xu6uJZFev8Y289QSGhzhRBQn1WW', 'user', 'Flow User', '+49 170', NULL, NULL, NULL, 'Deutschland', NULL, NULL, NULL, NULL, NULL, 0, NULL, NULL, NULL, NULL, 0, '2026-04-22 23:11:47.784', NULL),
  ('910e0807-1d2c-4606-bdae-f065c8c0c440', 'flow2_1776899541@rf.de', '$2b$12$5f4aMv.nkXpK6n4m2Trp9.OPYXc1xirMCEqif7W504wjbluj5L3Ny', 'user', 'F2', '+49', NULL, NULL, NULL, 'Deutschland', NULL, NULL, NULL, NULL, NULL, 0, NULL, NULL, NULL, NULL, 0, '2026-04-22 23:12:22.376', NULL),
  ('6f4b7c72-c468-4078-ac66-9ac2f343d429', 'test_gps_ac880e4a@rentfux.de', '$2b$12$563FKfAEa53O2zJUmp/zTujm7/MbCBzXVX5s5UMejNnq1Ljc2glSG', 'user', 'GPS Test User', '+491701234567', NULL, NULL, NULL, 'Deutschland', NULL, NULL, NULL, NULL, NULL, 0, NULL, NULL, NULL, NULL, 0, '2026-06-18 21:00:21.740', NULL),
  ('e4d3f16c-4790-487e-b963-05c718d9e684', 'test_gps_b2a49f13@rentfux.de', '$2b$12$VWJRJbPYfeoLwDTqCb1l2O9zPC9wiBf.KBfJePTa4mwMmqk8T8fM.', 'user', 'GPS Test User', '+491701234567', NULL, NULL, NULL, 'Deutschland', NULL, NULL, NULL, NULL, NULL, 0, NULL, NULL, NULL, NULL, 0, '2026-06-18 21:00:55.786', NULL),
  ('f944df8e-4f1a-4f68-9cad-3bc4e4639e3a', 'test_gps_29722b27@rentfux.de', '$2b$12$8p/uExTQPfm4T241HaGoEe.4hN/.GEjaQENr1VEvvf8BUn7Bcx/6q', 'user', 'GPS Test User', '+491701234567', NULL, NULL, NULL, 'Deutschland', NULL, NULL, NULL, NULL, NULL, 0, NULL, NULL, NULL, NULL, 0, '2026-06-18 21:01:18.294', NULL),
  ('a5c4de41-7592-413c-b901-bce3b63e4709', 'test_gps_bf975439@rentfux.de', '$2b$12$qJyeRe7EbslPrHnhcy3zFeyiXWOBG9.j5gSM8MU72aGyBbW/9ixGy', 'user', 'GPS Test User', '+491701234567', NULL, NULL, NULL, 'Deutschland', NULL, NULL, NULL, NULL, NULL, 0, NULL, NULL, NULL, NULL, 0, '2026-06-18 21:01:25.478', NULL),
  ('2c9f2b4f-ca00-4cea-ba2f-1c4043b9b2c6', 'test_dup_4f213c@rentfux.de', '$2b$12$AI7zpX2K6fG5daHAQnIvh.LG3MT7EUcaLBpKgSS3OBQxD4TaCbkGa', 'user', 'Dup', NULL, NULL, NULL, NULL, 'Deutschland', NULL, NULL, NULL, NULL, NULL, 0, NULL, NULL, NULL, NULL, 0, '2026-06-18 21:01:29.230', NULL),
  ('fa20e43d-3163-42a3-aea8-91f51b1d68fa', 'test_user_db147891@rentfux.de', '$2b$12$V72TJ2ktIYzNM2tfp2o93OP5nNKtZrdHCV9SviPtjFnTDOifBXp1S', 'user', 'Updated Name', '+491709999999', NULL, NULL, NULL, 'Deutschland', NULL, NULL, NULL, NULL, NULL, 0, NULL, NULL, NULL, NULL, 0, '2026-06-18 21:01:30.138', NULL),
  ('501d1adf-9168-4ed4-a989-6865a99dc1f9', 'test_other_0142c0@rentfux.de', '$2b$12$.ioQNuo/XV0VoEOxKAsEoOxzkt8WNWVO/wgIqTHKKsd82MH.KSihi', 'user', 'Other', NULL, NULL, NULL, NULL, 'Deutschland', NULL, NULL, NULL, NULL, NULL, 0, NULL, NULL, NULL, NULL, 0, '2026-06-18 21:01:31.647', NULL),
  ('4b48fe92-7fb3-40d2-aa52-399d8f836272', 'test_brute_4509eb@rentfux.de', '$2b$12$eSV6i10rUDr9QjB5It7a2e3jsJhDvhxvGzOYkZ/e2Q8KBojKq509u', 'user', 'B', NULL, NULL, NULL, NULL, 'Deutschland', NULL, NULL, NULL, NULL, NULL, 0, NULL, NULL, NULL, NULL, 0, '2026-06-18 21:01:33.348', NULL),
  ('de52a625-0067-4808-966e-146d0fec965c', 'test_user_886df0c9@rentfux.de', '$2b$12$4Eqtep5haxOQz4HvNjjBju0BFRFywM7HD2mTocIGoTiWXDdH4MZPe', 'user', 'Test User', '+491701234567', NULL, NULL, NULL, 'Deutschland', NULL, NULL, NULL, NULL, NULL, 0, NULL, NULL, NULL, NULL, 0, '2026-06-18 21:01:49.892', NULL),
  ('6a61dc7f-c277-4f6b-951a-8e32dac29b24', 'test_gps_cad84252@rentfux.de', '$2b$12$mk8I0nVeAMRviV5Hxc5ejeU3oYriRl5QeNhjHl8D4o92/3Ug1s8He', 'user', 'GPS Test User', '+491701234567', NULL, NULL, NULL, 'Deutschland', NULL, NULL, NULL, NULL, NULL, 0, NULL, NULL, NULL, NULL, 0, '2026-06-18 21:02:15.193', NULL),
  ('2c2f22f7-858e-4c33-9c1b-5e8de8bea627', 'tmp1781816894@x.de', '$2b$12$.Gq1c9TdPvRjGecYe/Dxae.7eLlyiLYpu4nI.JH5cJ88lOlhIVt8G', 'user', 'Tmp', NULL, NULL, NULL, NULL, 'Deutschland', NULL, NULL, NULL, NULL, NULL, 0, NULL, NULL, NULL, NULL, 0, '2026-06-18 21:08:14.845', NULL);

-- discount_codes: 1 rows
INSERT INTO `discount_codes` (`code`, `description`, `discount_type`, `value`, `min_total`, `max_uses`, `used_count`, `valid_from`, `valid_until`, `active`, `created_at`) VALUES
  ('SOMMER20', NULL, 'percent', 20.0, 50.0, 100, 2, NULL, NULL, 1, '2026-04-22 23:00:44.531');

-- vehicles: 8 rows
INSERT INTO `vehicles` (`id`, `brand`, `name`, `category`, `transmission`, `fuel`, `seats`, `doors`, `price_per_day`, `image_url`, `description`, `active`, `location_id`, `last_lat`, `last_lng`, `last_speed_kmh`, `last_heading`, `last_status`, `last_ts`, `created_at`) VALUES
  ('6457d458-02a4-4111-9a9c-83d18ae8294d', 'Volkswagen', 'Polo', 'Kleinwagen', 'Schaltgetriebe', 'Benzin', 5, 4, 39.0, 'https://images.unsplash.com/photo-1541443131876-44b03de101c5?auto=format&fit=crop&w=1200&q=80', 'Wendiger Kleinwagen – ideal für die Stadt und Kurzstrecken.', 1, 'loc-hamburg-hbf', 53.49589923036556, 8.601736003996793, 22.0, 38.17938304973339, 'city', '2026-06-18 21:31:54.817', '2026-04-22 21:15:15.894'),
  ('dd6fe22b-ee40-4ad3-b629-9cf350c145c6', 'Volkswagen', 'Golf 8', 'Kompakt', 'Automatik', 'Benzin', 5, 5, 59.0, 'https://images.unsplash.com/photo-1520031441872-265e4ff70366?auto=format&fit=crop&w=1200&q=80', 'Der beliebte Kompaktwagen – effizient, komfortabel und zuverlässig.', 1, 'loc-hamburg-hbf', 53.63669053315417, 8.615303912722288, 22.0, 53.38364802690789, 'city', '2026-06-18 21:31:54.818', '2026-04-22 21:15:15.895'),
  ('17b5dc69-56c3-4102-8b07-532c9da26940', 'Mercedes-Benz', 'A-Klasse', 'Mittelklasse', 'Automatik', 'Diesel', 5, 5, 79.0, 'https://images.unsplash.com/photo-1617531653332-bd46c24f2068?auto=format&fit=crop&w=1200&q=80', 'Sportlich-elegante Limousine mit MBUX und Premium-Ausstattung.', 1, 'loc-hamburg-hbf', 53.486383463010654, 8.504319192526918, 22.0, 62.76909770544398, 'city', '2026-06-18 21:31:54.819', '2026-04-22 21:15:15.895'),
  ('ae5e113a-a5ef-437b-a96c-1cfcb627932b', 'BMW', '3er Touring', 'Mittelklasse', 'Automatik', 'Diesel', 5, 5, 89.0, 'https://images.unsplash.com/photo-1555215695-3004980ad54e?auto=format&fit=crop&w=1200&q=80', 'Dynamischer Kombi mit viel Platz – perfekt für Geschäftsreisen.', 1, 'loc-hamburg-hbf', 53.54917071523498, 8.578746584494723, 48.0, 223.72024450964918, 'highway', '2026-06-18 21:31:54.820', '2026-04-22 21:15:15.895'),
  ('2efd096d-62e3-4fa9-813b-f0ec1d4e5709', 'Volkswagen', 'Tiguan', 'SUV', 'Automatik', 'Diesel', 5, 5, 99.0, 'https://images.unsplash.com/photo-1606664515524-ed2f786a0bd6?auto=format&fit=crop&w=1200&q=80', 'Geräumiger SUV mit 4Motion-Allradantrieb – ideal für Familien.', 1, 'loc-hamburg-hbf', 53.54988725142157, 8.67350379778046, 68.0, 120.70602768059437, 'highway', '2026-06-18 21:31:54.820', '2026-04-22 21:15:15.895'),
  ('9b34940c-b6cd-4b8a-8c67-86eb53cff5c9', 'Tesla', 'Model 3', 'Mittelklasse', 'Automatik', 'Elektro', 5, 4, 119.0, 'https://images.unsplash.com/photo-1560958089-b8a1929cea89?auto=format&fit=crop&w=1200&q=80', 'Vollelektrisch, leise und schnell. Autopilot inklusive.', 1, 'loc-hamburg-hbf', 53.59443504280631, 8.455157948472973, 68.0, 186.98316437901767, 'highway', '2026-06-18 21:31:54.821', '2026-04-22 21:15:15.896'),
  ('9717a2f1-55f4-4d29-a6c3-816dba94b36d', 'Volkswagen', 'Multivan', 'Van', 'Automatik', 'Diesel', 7, 5, 149.0, 'https://images.unsplash.com/photo-1552519507-da3b142c6e3d?auto=format&fit=crop&w=1200&q=80', 'Das Raumwunder für Großfamilien und Geschäftsteams.', 1, 'loc-hamburg-hbf', 53.64487902153194, 8.590832052973985, 0.0, 38.285593249214344, 'parked', '2026-06-18 21:31:54.821', '2026-04-22 21:15:15.896'),
  ('0205606f-af76-4b89-901e-5fa51dc7e17c', 'Audi', 'Q5', 'Luxus', 'Automatik', 'Hybrid', 5, 5, 169.0, 'https://images.unsplash.com/photo-1606664515524-ed2f786a0bd6?auto=format&fit=crop&w=1200&q=80', 'Souveräner SUV mit Premium-Ausstattung – ideal für Geschäftsreisen und Familien.', 1, 'loc-hamburg-hbf', NULL, NULL, NULL, NULL, NULL, NULL, '2026-06-18 21:30:21.295');

-- vehicle_images: 2 rows
INSERT INTO `vehicle_images` (`vehicle_id`, `url`, `sort_order`) VALUES
  ('6457d458-02a4-4111-9a9c-83d18ae8294d', 'https://images.unsplash.com/photo-1541443131876-44b03de101c5?auto=format&fit=crop&w=1200&q=80', 0),
  ('0205606f-af76-4b89-901e-5fa51dc7e17c', 'https://images.unsplash.com/photo-1606664515524-ed2f786a0bd6?auto=format&fit=crop&w=1200&q=80', 0);

-- vehicle_features: 38 rows
INSERT INTO `vehicle_features` (`vehicle_id`, `feature_name`) VALUES
  ('6457d458-02a4-4111-9a9c-83d18ae8294d', 'Klimaautomatik'),
  ('6457d458-02a4-4111-9a9c-83d18ae8294d', 'Sitzheizung vorne'),
  ('6457d458-02a4-4111-9a9c-83d18ae8294d', 'Apple CarPlay'),
  ('6457d458-02a4-4111-9a9c-83d18ae8294d', 'Android Auto'),
  ('6457d458-02a4-4111-9a9c-83d18ae8294d', 'Rückfahrkamera'),
  ('6457d458-02a4-4111-9a9c-83d18ae8294d', 'Bluetooth Freisprecheinrichtung'),
  ('6457d458-02a4-4111-9a9c-83d18ae8294d', 'Schaltwippen am Lenkrad'),
  ('6457d458-02a4-4111-9a9c-83d18ae8294d', 'Eigenes Feature 1'),
  ('dd6fe22b-ee40-4ad3-b629-9cf350c145c6', 'Automatik'),
  ('dd6fe22b-ee40-4ad3-b629-9cf350c145c6', 'Navigation'),
  ('dd6fe22b-ee40-4ad3-b629-9cf350c145c6', 'Tempomat'),
  ('dd6fe22b-ee40-4ad3-b629-9cf350c145c6', 'LED-Scheinwerfer'),
  ('17b5dc69-56c3-4102-8b07-532c9da26940', 'MBUX'),
  ('17b5dc69-56c3-4102-8b07-532c9da26940', 'Automatik'),
  ('17b5dc69-56c3-4102-8b07-532c9da26940', 'Ledersitze'),
  ('17b5dc69-56c3-4102-8b07-532c9da26940', 'Sitzheizung'),
  ('ae5e113a-a5ef-437b-a96c-1cfcb627932b', 'Navigation'),
  ('ae5e113a-a5ef-437b-a96c-1cfcb627932b', 'Head-Up-Display'),
  ('ae5e113a-a5ef-437b-a96c-1cfcb627932b', 'Automatik'),
  ('ae5e113a-a5ef-437b-a96c-1cfcb627932b', 'Panoramadach'),
  ('2efd096d-62e3-4fa9-813b-f0ec1d4e5709', 'Allrad'),
  ('2efd096d-62e3-4fa9-813b-f0ec1d4e5709', 'Panoramadach'),
  ('2efd096d-62e3-4fa9-813b-f0ec1d4e5709', 'AppConnect'),
  ('2efd096d-62e3-4fa9-813b-f0ec1d4e5709', 'Rückfahrkamera'),
  ('9b34940c-b6cd-4b8a-8c67-86eb53cff5c9', 'Autopilot'),
  ('9b34940c-b6cd-4b8a-8c67-86eb53cff5c9', 'Supercharger-Zugang'),
  ('9b34940c-b6cd-4b8a-8c67-86eb53cff5c9', 'Glasdach'),
  ('9b34940c-b6cd-4b8a-8c67-86eb53cff5c9', '15'''' Display'),
  ('9717a2f1-55f4-4d29-a6c3-816dba94b36d', '7 Sitze'),
  ('9717a2f1-55f4-4d29-a6c3-816dba94b36d', 'Schiebetüren'),
  ('9717a2f1-55f4-4d29-a6c3-816dba94b36d', 'Klimaautomatik'),
  ('9717a2f1-55f4-4d29-a6c3-816dba94b36d', 'Anhängerkupplung'),
  ('0205606f-af76-4b89-901e-5fa51dc7e17c', 'Klimaautomatik'),
  ('0205606f-af76-4b89-901e-5fa51dc7e17c', 'Lederausstattung'),
  ('0205606f-af76-4b89-901e-5fa51dc7e17c', 'Apple CarPlay'),
  ('0205606f-af76-4b89-901e-5fa51dc7e17c', 'Android Auto'),
  ('0205606f-af76-4b89-901e-5fa51dc7e17c', 'Rückfahrkamera'),
  ('0205606f-af76-4b89-901e-5fa51dc7e17c', 'Adaptiver Tempomat');

-- bookings: 14 rows
INSERT INTO `bookings` (`id`, `user_id`, `vehicle_id`, `is_guest`, `customer_name`, `customer_email`, `customer_phone`, `customer_dob`, `customer_license`, `customer_address`, `customer_postal`, `customer_city`, `customer_country`, `vehicle_brand`, `vehicle_name`, `pickup_location_id`, `return_location_id`, `start_date`, `end_date`, `pickup_time`, `return_time`, `days`, `base_subtotal`, `extras_total`, `discount_code`, `discount_amount`, `total`, `status`, `payment_method`, `payment_status`, `vehicle_deleted`, `user_deleted`, `cancelled_at`, `created_at`, `updated_at`) VALUES
  ('0e12ae43-52d2-43cb-9c36-261084b5145e', 'e55cba00-102d-4961-afe8-14d633ced942', '6457d458-02a4-4111-9a9c-83d18ae8294d', 0, 'Updated Name', 'test_user_6b5669ef@rentfux.de', NULL, NULL, NULL, NULL, NULL, NULL, NULL, 'Volkswagen', 'Polo', 'loc-hamburg-hbf', 'loc-hamburg-hbf', '2026-05-22', '2026-05-25', NULL, NULL, 3, 117.0, 51, NULL, 0, 168.0, 'active', 'stripe', 'paid', 0, 0, NULL, '2026-04-22 21:24:22.156', NULL),
  ('cc484115-64a9-4603-88a5-9fe8c5114481', 'fc7d5e87-2b3f-45a6-b23f-0f59f9ebf9e6', '6457d458-02a4-4111-9a9c-83d18ae8294d', 0, 'Updated Name', 'test_user_a42928a4@rentfux.de', NULL, NULL, NULL, NULL, NULL, NULL, NULL, 'Volkswagen', 'Polo', 'loc-hamburg-hbf', 'loc-hamburg-hbf', '2027-02-17', '2027-02-20', NULL, NULL, 3, 117.0, 51, NULL, 0, 168.0, 'active', 'stripe', 'paid', 0, 0, NULL, '2026-04-22 21:25:41.503', NULL),
  ('30bc6168-9d0c-4b87-849f-5533d3e034cb', '25329202-ca2f-4ab1-a033-2697938ee569', '6457d458-02a4-4111-9a9c-83d18ae8294d', 0, 'Test', 'testadminbk_1776893457@rf.de', NULL, NULL, NULL, NULL, NULL, NULL, NULL, 'Volkswagen', 'Polo', 'loc-hamburg-hbf', 'loc-hamburg-hbf', '2026-05-01', '2026-05-08', NULL, NULL, 7, 273.0, 119, NULL, 0, 392.0, 'cancelled', NULL, 'unpaid', 0, 0, '2026-04-22 21:30:58.036', '2026-04-22 21:30:57.644', '2026-04-22 21:30:57.914'),
  ('7264e967-3c98-4805-8f81-99b7d89317e8', 'guest-14dba5e1-caf8-4ec9-bb46-bf929030710c', '6457d458-02a4-4111-9a9c-83d18ae8294d', 1, 'Anna Gast', 'guest_1776896113@rf.de', NULL, NULL, NULL, NULL, NULL, NULL, NULL, 'Volkswagen', 'Polo', 'loc-hamburg-hbf', 'loc-hamburg-hbf', '2026-08-01', '2026-08-05', NULL, NULL, 4, 156.0, 20, NULL, 0, 176.0, 'confirmed', 'stripe', 'paid', 0, 0, NULL, '2026-04-22 22:15:13.677', NULL),
  ('ea0220f4-431d-4666-8235-c07bd5d0734d', '58505d7c-ba94-47c9-9e9d-7ae4c7de35fd', '6457d458-02a4-4111-9a9c-83d18ae8294d', 0, 'Tim Neu', 'guest_acc_1776896113@rf.de', NULL, NULL, NULL, NULL, NULL, NULL, NULL, 'Volkswagen', 'Polo', 'loc-hamburg-hbf', 'loc-hamburg-hbf', '2026-09-10', '2026-09-13', NULL, NULL, 3, 117.0, 0, NULL, 0, 117.0, 'confirmed', 'paypal', 'paid', 0, 0, NULL, '2026-04-22 22:15:14.056', NULL),
  ('979f6b98-3d1a-4e42-80b5-5655c84b5937', 'guest-ae78fc04-c1ad-4c64-a763-e753ef48cb6a', '6457d458-02a4-4111-9a9c-83d18ae8294d', 1, 'PDF Tester', 'pdf_1776898865@rf.de', NULL, NULL, NULL, NULL, NULL, NULL, NULL, 'Volkswagen', 'Polo', 'loc-hamburg-hbf', 'loc-hamburg-hbf', '2026-10-20', '2026-10-24', NULL, NULL, 4, 156.0, 20, 'SOMMER20', 35.2, 140.8, 'confirmed', 'stripe', 'paid', 0, 0, NULL, '2026-04-22 23:01:05.676', NULL),
  ('4088fae3-a3cf-434a-b68f-dcbb5ecbe5bf', 'ffcb8066-d59c-4ad6-beed-ef147fe81f47', '6457d458-02a4-4111-9a9c-83d18ae8294d', 0, 'RentFux Admin', 'admin@rentfux.de', NULL, NULL, NULL, NULL, NULL, NULL, NULL, 'Volkswagen', 'Polo', 'loc-hamburg-hbf', 'loc-hamburg-hbf', '2026-04-23', '2026-04-26', NULL, NULL, 3, 117.0, 24, NULL, 0.0, 141.0, 'pending', NULL, 'unpaid', 0, 0, NULL, '2026-04-22 23:02:56.726', NULL),
  ('8c9b521c-ea90-4a1a-a4e2-ce92a340555e', 'ffcb8066-d59c-4ad6-beed-ef147fe81f47', '17b5dc69-56c3-4102-8b07-532c9da26940', 0, 'RentFux Admin', 'admin@rentfux.de', NULL, NULL, NULL, NULL, NULL, NULL, NULL, 'Mercedes-Benz', 'A-Klasse', 'loc-hamburg-hbf', 'loc-hamburg-hbf', '2026-04-23', '2026-04-26', NULL, NULL, 3, 237.0, 0, NULL, 0.0, 237.0, 'pending', NULL, 'unpaid', 0, 0, NULL, '2026-04-22 23:03:53.964', NULL),
  ('98320bcb-b031-494a-aafc-b84d9fddcf55', 'ffcb8066-d59c-4ad6-beed-ef147fe81f47', '9b34940c-b6cd-4b8a-8c67-86eb53cff5c9', 0, 'RentFux Admin', 'admin@rentfux.de', NULL, NULL, NULL, NULL, NULL, NULL, NULL, 'Tesla', 'Model 3', 'loc-hamburg-hbf', 'loc-hamburg-hbf', '2026-04-23', '2026-04-26', NULL, NULL, 3, 357.0, 0, NULL, 0.0, 357.0, 'cancelled', NULL, 'unpaid', 0, 0, '2026-04-22 23:17:59.158', '2026-04-22 23:10:51.195', NULL),
  ('2666875e-dbbf-4fdb-a4a8-957009c6a650', '966fdb9b-5dd2-4f6a-874d-354ebc57624d', '6457d458-02a4-4111-9a9c-83d18ae8294d', 0, 'Flow User', 'flow_1776899507@rf.de', NULL, NULL, NULL, NULL, NULL, NULL, NULL, 'Volkswagen', 'Polo', 'loc-hamburg-hbf', 'loc-hamburg-hbf', '2026-11-01', '2026-11-04', NULL, NULL, 3, 117.0, 0, NULL, 0.0, 117.0, 'completed', NULL, 'unpaid', 0, 0, NULL, '2026-04-22 23:11:49.194', '2026-05-27 22:13:14.280'),
  ('bc328412-2428-4579-82ec-922e16208a3e', '910e0807-1d2c-4606-bdae-f065c8c0c440', '6457d458-02a4-4111-9a9c-83d18ae8294d', 0, 'F2', 'flow2_1776899541@rf.de', NULL, NULL, NULL, NULL, NULL, NULL, NULL, 'Volkswagen', 'Polo', 'loc-hamburg-hbf', 'loc-hamburg-hbf', '2026-11-10', '2026-11-13', NULL, NULL, 3, 117.0, 0, NULL, 0.0, 117.0, 'completed', 'stripe', 'paid', 0, 0, NULL, '2026-04-22 23:12:23.480', '2026-05-27 22:13:11.083'),
  ('703b19a7-50c8-4d93-a9bf-a1574f43ce54', 'ffcb8066-d59c-4ad6-beed-ef147fe81f47', '6457d458-02a4-4111-9a9c-83d18ae8294d', 0, 'RentFux Admin', 'admin@rentfux.de', NULL, NULL, NULL, NULL, NULL, NULL, NULL, 'Volkswagen', 'Polo', 'loc-hamburg-hbf', 'loc-hamburg-hbf', '2026-04-26', '2026-04-29', NULL, NULL, 3, 117.0, 36, NULL, 0.0, 153.0, 'completed', 'stripe', 'paid', 0, 0, NULL, '2026-04-25 06:59:05.590', '2026-05-27 22:13:06.885'),
  ('8ea4659d-6d21-4e4d-a668-a5a011962e86', 'guest-debfb15c-c484-4c41-b672-6cea7f4cf0b3', '6457d458-02a4-4111-9a9c-83d18ae8294d', 1, 'Guest GPS', 'test_guest_d79204@rentfux.de', NULL, NULL, NULL, NULL, NULL, NULL, NULL, 'Volkswagen', 'Polo', 'loc-hamburg-hbf', 'loc-hamburg-hbf', '2027-07-23', '2027-07-25', NULL, NULL, 2, 78.0, 0, NULL, 0.0, 78.0, 'confirmed', 'stripe', 'paid', 0, 0, NULL, '2026-06-18 21:01:20.214', NULL),
  ('8d49197a-cfef-4713-81e9-7083350ffa5c', 'guest-ce804003-34a3-4722-8401-2b47eb1c2cf5', '6457d458-02a4-4111-9a9c-83d18ae8294d', 1, 'Guest GPS', 'test_guest_81f201@rentfux.de', NULL, NULL, NULL, NULL, NULL, NULL, NULL, 'Volkswagen', 'Polo', 'loc-hamburg-hbf', 'loc-hamburg-hbf', '2030-07-07', '2030-07-09', NULL, NULL, 2, 78.0, 0, NULL, 0.0, 78.0, 'confirmed', 'stripe', 'paid', 0, 0, NULL, '2026-06-18 21:02:17.030', NULL);

-- booking_extras: 10 rows
INSERT INTO `booking_extras` (`booking_id`, `extra_name`, `extra_price`) VALUES
  ('0e12ae43-52d2-43cb-9c36-261084b5145e', 'Navigation', 0),
  ('0e12ae43-52d2-43cb-9c36-261084b5145e', 'Vollkasko', 0),
  ('cc484115-64a9-4603-88a5-9fe8c5114481', 'Navigation', 0),
  ('cc484115-64a9-4603-88a5-9fe8c5114481', 'Vollkasko', 0),
  ('30bc6168-9d0c-4b87-849f-5533d3e034cb', 'Navigation', 0),
  ('30bc6168-9d0c-4b87-849f-5533d3e034cb', 'Vollkasko', 0),
  ('7264e967-3c98-4805-8f81-99b7d89317e8', 'Navigation', 0),
  ('979f6b98-3d1a-4e42-80b5-5655c84b5937', 'Navigation', 0),
  ('4088fae3-a3cf-434a-b68f-dcbb5ecbe5bf', 'Zusatzfahrer', 0),
  ('703b19a7-50c8-4d93-a9bf-a1574f43ce54', 'Vollkasko', 0);

-- vehicle_positions: 100 rows
INSERT INTO `vehicle_positions` (`id`, `vehicle_id`, `lat`, `lng`, `speed_kmh`, `heading`, `status`, `source`, `fence_km`, `geofence_alert`, `ts`, `ts_epoch`) VALUES
  ('232a1c6b-edcb-4571-8364-035c67934b94', '9b34940c-b6cd-4b8a-8c67-86eb53cff5c9', 53.59443504280631, 8.455157948472973, 68.0, 186.98316437901767, 'highway', 'mock', 10.3, 0, '2026-06-18 21:31:54.821', 1781818314),
  ('610cac47-765a-42b8-a8fe-59221aec89a6', '9717a2f1-55f4-4d29-a6c3-816dba94b36d', 53.64487902153194, 8.590832052973985, 0.0, 38.285593249214344, 'parked', 'mock', 11.72, 0, '2026-06-18 21:31:54.821', 1781818314),
  ('1cbbd73e-3370-42a4-b345-d472fc9235a8', '2efd096d-62e3-4fa9-813b-f0ec1d4e5709', 53.54988725142157, 8.67350379778046, 68.0, 120.70602768059437, 'highway', 'mock', 6.22, 0, '2026-06-18 21:31:54.820', 1781818314),
  ('16a02a59-5eb5-4d9d-8c61-213c7e81920b', '6457d458-02a4-4111-9a9c-83d18ae8294d', 53.49589923036556, 8.601736003996793, 22.0, 38.17938304973339, 'city', 'mock', 5.05, 0, '2026-06-18 21:31:54.817', 1781818314),
  ('5dd31026-e2c2-4830-a353-94db18aad7ba', 'ae5e113a-a5ef-437b-a96c-1cfcb627932b', 53.54917071523498, 8.578746584494723, 48.0, 223.72024450964918, 'highway', 'mock', 1.07, 0, '2026-06-18 21:31:54.820', 1781818314),
  ('3b458575-aa4b-4398-be84-5d6a5daf7397', '17b5dc69-56c3-4102-8b07-532c9da26940', 53.486383463010654, 8.504319192526918, 22.0, 62.76909770544398, 'city', 'mock', 7.79, 0, '2026-06-18 21:31:54.819', 1781818314),
  ('05a8ddd2-8e8c-4c9e-aad7-d21290a50b7e', 'dd6fe22b-ee40-4ad3-b629-9cf350c145c6', 53.63669053315417, 8.615303912722288, 22.0, 53.38364802690789, 'city', 'mock', 11.03, 0, '2026-06-18 21:31:54.818', 1781818314),
  ('6dedf085-bdc8-4533-916b-15f936b004bf', '9717a2f1-55f4-4d29-a6c3-816dba94b36d', 53.64487902153194, 8.590832052973985, 0.0, 309.5804460151625, 'parked', 'mock', 11.72, 0, '2026-06-18 21:31:39.815', 1781818299),
  ('39ff166a-45a5-469d-91cc-3840df46dbaf', '2efd096d-62e3-4fa9-813b-f0ec1d4e5709', 53.551190669943836, 8.669809697559337, 68.0, 107.74007892719834, 'highway', 'mock', 6.01, 0, '2026-06-18 21:31:39.814', 1781818299),
  ('8afc808e-347e-4b7f-b661-4738cd2c0028', 'dd6fe22b-ee40-4ad3-b629-9cf350c145c6', 53.63619796606068, 8.614185957944981, 48.0, 13.901031869484182, 'highway', 'mock', 10.96, 0, '2026-06-18 21:31:39.813', 1781818299),
  ('e2125fbe-d26a-4d78-9223-05d352111355', '6457d458-02a4-4111-9a9c-83d18ae8294d', 53.495250065723596, 8.600877921732748, 22.0, 39.89947917311776, 'city', 'mock', 5.11, 0, '2026-06-18 21:31:39.812', 1781818299),
  ('4671337f-4687-47d1-bc95-dc6b81da249d', '9b34940c-b6cd-4b8a-8c67-86eb53cff5c9', 53.59696866031604, 8.45568086944085, 68.0, 194.66844601206373, 'highway', 'mock', 10.44, 0, '2026-06-18 21:31:39.815', 1781818299),
  ('2d11254b-04c6-4455-adf7-9658627ee0df', '17b5dc69-56c3-4102-8b07-532c9da26940', 53.48600558364064, 8.503085115675468, 22.0, 50.72022275490431, 'city', 'mock', 7.87, 0, '2026-06-18 21:31:39.813', 1781818299),
  ('3a2b0dd5-fab5-4871-be7b-426ef62ce310', 'ae5e113a-a5ef-437b-a96c-1cfcb627932b', 53.55047291881874, 8.580842634200604, 48.0, 230.96080227540085, 'highway', 'mock', 1.21, 0, '2026-06-18 21:31:39.814', 1781818299),
  ('497ec85d-0b1f-4fd9-b591-c228df133d11', '17b5dc69-56c3-4102-8b07-532c9da26940', 53.485482746948605, 8.502010807443181, 22.0, 60.616649300456885, 'city', 'mock', 7.96, 0, '2026-06-18 21:31:24.806', 1781818284),
  ('da8eadd5-d861-4211-ad95-7ed8cc9ccb1e', '9717a2f1-55f4-4d29-a6c3-816dba94b36d', 53.64487902153194, 8.590832052973985, 48.0, 288.7370018231557, 'highway', 'mock', 11.72, 0, '2026-06-18 21:31:24.808', 1781818284),
  ('8b84c1e2-7681-4d02-9e65-56581fbae469', '2efd096d-62e3-4fa9-813b-f0ec1d4e5709', 53.55196843112911, 8.665717453939255, 68.0, 98.24022137353386, 'highway', 'mock', 5.77, 0, '2026-06-18 21:31:24.807', 1781818284),
  ('7e1169f2-45aa-472c-a36f-b933a03ef506', 'dd6fe22b-ee40-4ad3-b629-9cf350c145c6', 53.634448935150715, 8.613455903324306, 48.0, 4.65990787362739, 'highway', 'mock', 10.76, 0, '2026-06-18 21:31:24.806', 1781818284),
  ('8b02cbde-5027-4e07-88f7-d225263f5c4a', '6457d458-02a4-4111-9a9c-83d18ae8294d', 53.4946165161133, 8.599987483988851, 22.0, 25.221185620595744, 'city', 'mock', 5.16, 0, '2026-06-18 21:31:24.805', 1781818284),
  ('795c02d2-fca7-4001-b826-b6092908d976', '9b34940c-b6cd-4b8a-8c67-86eb53cff5c9', 53.59943801843173, 8.456770086645552, 68.0, 197.34416360862593, 'highway', 'mock', 10.56, 0, '2026-06-18 21:31:24.808', 1781818284),
  ('f9f0cf07-3343-4dfb-87a3-ae4c1aef588e', 'ae5e113a-a5ef-437b-a96c-1cfcb627932b', 53.55160778712883, 8.583198282204764, 48.0, 244.33887990137285, 'highway', 'mock', 1.34, 0, '2026-06-18 21:31:24.807', 1781818284),
  ('f6346794-4c60-49f5-bc4f-fcf93b5e5457', '2efd096d-62e3-4fa9-813b-f0ec1d4e5709', 53.552334272448434, 8.661465224625633, 68.0, 107.8216725041682, 'highway', 'mock', 5.51, 0, '2026-06-18 21:31:09.802', 1781818269),
  ('b6c1a8d8-7d92-4178-b599-e0b13aac37bf', 'ae5e113a-a5ef-437b-a96c-1cfcb627932b', 53.55238805294843, 8.585932041035313, 48.0, 230.341178657785, 'highway', 'mock', 1.46, 0, '2026-06-18 21:31:09.801', 1781818269),
  ('947eff50-4486-484b-bc8d-3b0e34995af9', '17b5dc69-56c3-4102-8b07-532c9da26940', 53.48507755503551, 8.500801480073047, 22.0, 74.5283574504615, 'city', 'mock', 8.05, 0, '2026-06-18 21:31:09.801', 1781818269),
  ('892b14a9-15ed-42f4-b5c5-000eef29135d', '9717a2f1-55f4-4d29-a6c3-816dba94b36d', 53.64430023840485, 8.593710464222088, 48.0, 277.7706951638208, 'highway', 'mock', 11.67, 0, '2026-06-18 21:31:09.803', 1781818269),
  ('d383774f-3f48-4e34-94a1-837100fdcc67', 'dd6fe22b-ee40-4ad3-b629-9cf350c145c6', 53.63265308924362, 8.613209039548293, 22.0, 301.9743764795848, 'city', 'mock', 10.56, 0, '2026-06-18 21:31:09.800', 1781818269),
  ('e2a053af-2795-465b-9a4b-fdfd689516a2', '9b34940c-b6cd-4b8a-8c67-86eb53cff5c9', 53.60187450973607, 8.458052447309203, 68.0, 207.26163096497027, 'highway', 'mock', 10.67, 0, '2026-06-18 21:31:09.802', 1781818269),
  ('b4afa99d-c90f-449d-bee3-31814bb4fe9d', '6457d458-02a4-4111-9a9c-83d18ae8294d', 53.49386941663097, 8.599395971796316, 22.0, 24.21926446601749, 'city', 'mock', 5.23, 0, '2026-06-18 21:31:09.799', 1781818269),
  ('da0c657f-e0c4-48a2-ad1c-d4eace53bd67', 'ae5e113a-a5ef-437b-a96c-1cfcb627932b', 53.553537989313654, 8.588267000005768, 48.0, 242.8520081815092, 'highway', 'mock', 1.62, 0, '2026-06-18 21:30:54.795', 1781818254),
  ('0cd53ae3-a66c-4252-8202-0d36caea8571', '2efd096d-62e3-4fa9-813b-f0ec1d4e5709', 53.55311549502329, 8.657374738612035, 68.0, 96.13906266942108, 'highway', 'mock', 5.27, 0, '2026-06-18 21:30:54.796', 1781818254),
  ('e9070551-1f07-4617-81a6-b11cf20e2e5f', '9b34940c-b6cd-4b8a-8c67-86eb53cff5c9', 53.60414353540899, 8.460022931553171, 68.0, 221.80938508830354, 'highway', 'mock', 10.73, 0, '2026-06-18 21:30:54.796', 1781818254),
  ('d4d1abfa-b512-4c8d-a59c-742e146aef8c', 'dd6fe22b-ee40-4ad3-b629-9cf350c145c6', 53.632215781475786, 8.6143904485924, 0.0, 307.2234484665369, 'parked', 'mock', 10.53, 0, '2026-06-18 21:30:54.794', 1781818254),
  ('6fc746fd-f198-44e8-9c01-738f74ea06d4', '6457d458-02a4-4111-9a9c-83d18ae8294d', 53.49311627814707, 8.598826519369693, 22.0, 36.476429304103505, 'city', 'mock', 5.3, 0, '2026-06-18 21:30:54.793', 1781818254),
  ('d1de6e58-5253-4e78-ae4a-ca6ec8a0f827', '9717a2f1-55f4-4d29-a6c3-816dba94b36d', 53.64405661890757, 8.596722030817222, 48.0, 291.00387089960896, 'highway', 'mock', 11.66, 0, '2026-06-18 21:30:54.797', 1781818254),
  ('0c7eb7bb-50ae-4028-a662-b596c2fa0aba', '17b5dc69-56c3-4102-8b07-532c9da26940', 53.4848572565714, 8.49946391210922, 22.0, 75.51948580979712, 'city', 'mock', 8.13, 0, '2026-06-18 21:30:54.795', 1781818254),
  ('796cc40d-4760-4ab5-91f2-c19c4dc41c27', '2efd096d-62e3-4fa9-813b-f0ec1d4e5709', 53.55338846999257, 8.653102684096181, 68.0, 87.09567927637414, 'highway', 'mock', 5.01, 0, '2026-06-18 21:30:39.790', 1781818239),
  ('0b513886-0455-4b4f-959c-8cfd50d49c7f', '17b5dc69-56c3-4102-8b07-532c9da26940', 53.48465075822018, 8.498120146760822, 22.0, 75.66883108627532, 'city', 'mock', 8.2, 0, '2026-06-18 21:30:39.789', 1781818239),
  ('801f6163-07b7-4b5c-992b-22471b446b51', '9b34940c-b6cd-4b8a-8c67-86eb53cff5c9', 53.60604612336551, 8.462890913125323, 48.0, 191.35490015375905, 'highway', 'mock', 10.74, 0, '2026-06-18 21:30:39.790', 1781818239),
  ('12ade2a3-4a7d-4f5f-91f1-9c9229c070d7', 'ae5e113a-a5ef-437b-a96c-1cfcb627932b', 53.55436013418421, 8.590965884569023, 48.0, 246.6785900941783, 'highway', 'mock', 1.77, 0, '2026-06-18 21:30:39.789', 1781818239),
  ('16ba98fa-70a3-42c5-b67a-66b2917713da', 'dd6fe22b-ee40-4ad3-b629-9cf350c145c6', 53.632215781475786, 8.6143904485924, 0.0, 319.3999149336991, 'parked', 'mock', 10.53, 0, '2026-06-18 21:30:39.788', 1781818239),
  ('aadb21dd-3a3d-4ea0-9500-b5b618cfaac1', '9717a2f1-55f4-4d29-a6c3-816dba94b36d', 53.64341079724745, 8.599559510695052, 48.0, 296.5709878968424, 'highway', 'mock', 11.61, 0, '2026-06-18 21:30:39.791', 1781818239),
  ('ee0dec09-c5d4-4e94-bfcc-40a6b1db5624', '6457d458-02a4-4111-9a9c-83d18ae8294d', 53.492452230366325, 8.598001299641718, 22.0, 30.22155094235798, 'city', 'mock', 5.36, 0, '2026-06-18 21:30:39.787', 1781818239),
  ('a6638e6e-f845-49a3-b102-c7e47540a7a8', '2efd096d-62e3-4fa9-813b-f0ec1d4e5709', 53.55325913661095, 8.648811521226905, 68.0, 98.68823851636674, 'highway', 'mock', 4.74, 0, '2026-06-18 21:30:24.784', 1781818224),
  ('e357ae4b-d5f6-4b51-871c-9c064b624d2d', '9717a2f1-55f4-4d29-a6c3-816dba94b36d', 53.6426048400052, 8.602277867799351, 48.0, 281.90030935175224, 'highway', 'mock', 11.54, 0, '2026-06-18 21:30:24.785', 1781818224),
  ('84231861-4637-42aa-9782-38cb7aec5c4d', '9b34940c-b6cd-4b8a-8c67-86eb53cff5c9', 53.60781265751881, 8.463488829007465, 48.0, 194.69424616577265, 'highway', 'mock', 10.85, 0, '2026-06-18 21:30:24.784', 1781818224),
  ('89823cd5-da76-4573-abd8-6447f80b8614', '17b5dc69-56c3-4102-8b07-532c9da26940', 53.484446344756996, 8.496775487891076, 22.0, 89.86309359345935, 'city', 'mock', 8.28, 0, '2026-06-18 21:30:24.783', 1781818224),
  ('cda8bc22-bfb7-4192-acbb-6956ef59300e', 'ae5e113a-a5ef-437b-a96c-1cfcb627932b', 53.55507344711011, 8.593751159167805, 0.0, 176.31856559283088, 'parked', 'mock', 1.92, 0, '2026-06-18 21:30:24.783', 1781818224),
  ('32a50e25-2935-42fa-9d16-6703257fd5be', '6457d458-02a4-4111-9a9c-83d18ae8294d', 53.49173864621377, 8.59730261370103, 0.0, 115.59590258994128, 'parked', 'mock', 5.43, 0, '2026-06-18 21:30:24.781', 1781818224),
  ('f72b6800-dfd3-4592-97ab-51bab9e34c67', 'dd6fe22b-ee40-4ad3-b629-9cf350c145c6', 53.632215781475786, 8.6143904485924, 68.0, 43.06219668726768, 'highway', 'mock', 10.53, 0, '2026-06-18 21:30:24.782', 1781818224),
  ('431d5e00-1c84-4639-b9bf-b1b8b32b3b2d', '9717a2f1-55f4-4d29-a6c3-816dba94b36d', 53.642233291413184, 8.60525189211851, 48.0, 285.953078343292, 'highway', 'mock', 11.52, 0, '2026-06-18 21:30:09.779', 1781818209),
  ('eaaa16f0-1676-4b24-b7d2-730bd2b46138', 'ae5e113a-a5ef-437b-a96c-1cfcb627932b', 53.55507344711011, 8.593751159167805, 0.0, 185.29331842653878, 'parked', 'mock', 1.92, 0, '2026-06-18 21:30:09.777', 1781818209),
  ('926a42a6-241f-49c2-b1f6-616e6e363fa1', '2efd096d-62e3-4fa9-813b-f0ec1d4e5709', 53.55364471984526, 8.644564105516917, 0.0, 126.46436976706744, 'parked', 'mock', 4.49, 0, '2026-06-18 21:30:09.778', 1781818209),
  ('58fa7bd9-c969-4211-b679-164078f1670c', '6457d458-02a4-4111-9a9c-83d18ae8294d', 53.49173864621377, 8.59730261370103, 0.0, 110.84904051345349, 'parked', 'mock', 5.43, 0, '2026-06-18 21:30:09.775', 1781818209),
  ('da9efb00-8f67-4da9-a2c4-e94bbd9e2e43', 'dd6fe22b-ee40-4ad3-b629-9cf350c145c6', 53.63035085356001, 8.611451351848363, 68.0, 28.993138544821214, 'highway', 'mock', 10.29, 0, '2026-06-18 21:30:09.776', 1781818209),
  ('8f2d7870-ede9-456c-b1b7-57779c5078bd', '9b34940c-b6cd-4b8a-8c67-86eb53cff5c9', 53.60955552820551, 8.46425919531552, 48.0, 204.23575987270527, 'highway', 'mock', 10.95, 0, '2026-06-18 21:30:09.778', 1781818209),
  ('0f13df88-81a1-4464-98ac-78635e14b07d', '17b5dc69-56c3-4102-8b07-532c9da26940', 53.48444437147485, 8.495387644943964, 48.0, 150.15004436151892, 'highway', 'mock', 8.34, 0, '2026-06-18 21:30:09.777', 1781818209),
  ('8afb3726-9be6-40de-b7bc-eda597c0a089', '2efd096d-62e3-4fa9-813b-f0ec1d4e5709', 53.55364471984526, 8.644564105516917, 0.0, 131.37824562636473, 'parked', 'mock', 4.49, 0, '2026-06-18 21:29:54.771', 1781818194),
  ('532516af-6ba2-4299-8bd2-06613fed6989', '9b34940c-b6cd-4b8a-8c67-86eb53cff5c9', 53.6111985265736, 8.465505906206662, 48.0, 293.75618680232185, 'highway', 'mock', 11.02, 0, '2026-06-18 21:29:54.771', 1781818194),
  ('9c753df6-fe25-4cfa-8099-435c8a8f5017', '9717a2f1-55f4-4d29-a6c3-816dba94b36d', 53.64173806609729, 8.608174150115497, 22.0, 196.70970422920342, 'city', 'mock', 11.5, 0, '2026-06-18 21:29:54.772', 1781818194),
  ('e3b0e5cd-3f64-4631-a516-74426ac7d5dc', '6457d458-02a4-4111-9a9c-83d18ae8294d', 53.49173864621377, 8.59730261370103, 0.0, 120.23770918670574, 'parked', 'mock', 5.43, 0, '2026-06-18 21:29:54.768', 1781818194),
  ('9c67ab4b-3f5b-4a48-a06d-07085b2d2027', 'dd6fe22b-ee40-4ad3-b629-9cf350c145c6', 53.62811819261301, 8.609365036509084, 68.0, 38.04892445720524, 'highway', 'mock', 10.02, 0, '2026-06-18 21:29:54.769', 1781818194),
  ('30ec29bc-964d-40f1-9226-59d91d8bbb6b', '17b5dc69-56c3-4102-8b07-532c9da26940', 53.48600713150508, 8.493880447120773, 48.0, 156.00678383571227, 'highway', 'mock', 8.28, 0, '2026-06-18 21:29:54.770', 1781818194),
  ('a135adc5-02cd-4086-8b66-2dbfb1606812', 'ae5e113a-a5ef-437b-a96c-1cfcb627932b', 53.55507344711011, 8.593751159167805, 0.0, 177.99597931584526, 'parked', 'mock', 1.92, 0, '2026-06-18 21:29:54.770', 1781818194),
  ('6c7b5bba-d3ae-49a3-a0d9-43d50839c920', 'dd6fe22b-ee40-4ad3-b629-9cf350c145c6', 53.62610809638529, 8.606712275707924, 68.0, 44.81357709081496, 'highway', 'mock', 9.77, 0, '2026-06-18 21:29:39.762', 1781818179),
  ('94ff1ccb-d8ff-456c-9c68-a9fbcc8742d3', '17b5dc69-56c3-4102-8b07-532c9da26940', 53.48765324611583, 8.492649070902374, 48.0, 158.9036420305779, 'highway', 'mock', 8.21, 0, '2026-06-18 21:29:39.763', 1781818179),
  ('c878780c-2f0e-42ab-927a-53e9a5938621', 'ae5e113a-a5ef-437b-a96c-1cfcb627932b', 53.55507344711011, 8.593751159167805, 0.0, 174.88479904327457, 'parked', 'mock', 1.92, 0, '2026-06-18 21:29:39.763', 1781818179),
  ('0169bc6e-3b45-44d0-88bf-4db161a6e474', '2efd096d-62e3-4fa9-813b-f0ec1d4e5709', 53.55364471984526, 8.644564105516917, 0.0, 152.76936895518898, 'parked', 'mock', 4.49, 0, '2026-06-18 21:29:39.764', 1781818179),
  ('9cbea3a6-35bc-48c8-9a9a-c01107263976', '9b34940c-b6cd-4b8a-8c67-86eb53cff5c9', 53.610472678784575, 8.468285629812417, 0.0, 274.49492644884754, 'parked', 'mock', 10.83, 0, '2026-06-18 21:29:39.765', 1781818179),
  ('038cefc9-7bbd-4319-8bc3-8ce5d23308e5', '9717a2f1-55f4-4d29-a6c3-816dba94b36d', 53.642529020445416, 8.608574681805505, 22.0, 201.0729570236304, 'city', 'mock', 11.59, 0, '2026-06-18 21:29:39.765', 1781818179),
  ('b6651cbb-5d74-411a-adf2-52430579192f', '6457d458-02a4-4111-9a9c-83d18ae8294d', 53.49173864621377, 8.59730261370103, 0.0, 134.375269150111, 'parked', 'mock', 5.43, 0, '2026-06-18 21:29:39.761', 1781818179),
  ('048941e2-94ca-46c2-826f-a048a7ae7a27', 'ae5e113a-a5ef-437b-a96c-1cfcb627932b', 53.55507344711011, 8.593751159167805, 0.0, 186.89453686827275, 'parked', 'mock', 1.92, 0, '2026-06-18 21:29:24.758', 1781818164),
  ('92710db7-0e42-4bcc-af7c-85b4e732d49b', '2efd096d-62e3-4fa9-813b-f0ec1d4e5709', 53.55364471984526, 8.644564105516917, 0.0, 151.0741164375975, 'parked', 'mock', 4.49, 0, '2026-06-18 21:29:24.758', 1781818164),
  ('c2531b27-af79-4243-9f73-279e065a45bc', '17b5dc69-56c3-4102-8b07-532c9da26940', 53.489334284703745, 8.4915590438262, 48.0, 150.61469782995619, 'highway', 'mock', 8.13, 0, '2026-06-18 21:29:24.757', 1781818164),
  ('1a18946c-db4a-461f-b433-da3e444e576c', '9b34940c-b6cd-4b8a-8c67-86eb53cff5c9', 53.610472678784575, 8.468285629812417, 48.0, 195.80140745748312, 'highway', 'mock', 10.83, 0, '2026-06-18 21:29:24.759', 1781818164),
  ('bc9f45f8-cf2c-44c8-874a-1f796590a968', '9717a2f1-55f4-4d29-a6c3-816dba94b36d', 53.64329961780275, 8.609075568699325, 22.0, 189.6113149486605, 'city', 'mock', 11.68, 0, '2026-06-18 21:29:24.759', 1781818164),
  ('e09eabca-09cb-411d-8552-f8d80a4d5db1', 'dd6fe22b-ee40-4ad3-b629-9cf350c145c6', 53.624297306050266, 8.603678869475548, 68.0, 41.63584603260683, 'highway', 'mock', 9.54, 0, '2026-06-18 21:29:24.757', 1781818164),
  ('696d9f28-3a67-4f95-87bf-9849b50f06c5', '6457d458-02a4-4111-9a9c-83d18ae8294d', 53.49173864621377, 8.59730261370103, 0.0, 133.476147822527, 'parked', 'mock', 5.43, 0, '2026-06-18 21:29:24.756', 1781818164),
  ('ee687ec2-39b7-4099-9a7c-29cdf5f7f169', '9b34940c-b6cd-4b8a-8c67-86eb53cff5c9', 53.61220639284716, 8.469112666948176, 48.0, 180.97463147364422, 'highway', 'mock', 10.94, 0, '2026-06-18 21:29:09.752', 1781818149),
  ('11f49b2b-fe67-48bc-a29d-79c11ca2ba13', '9717a2f1-55f4-4d29-a6c3-816dba94b36d', 53.644113851580684, 8.609308164804762, 0.0, 192.7378383335718, 'parked', 'mock', 11.77, 0, '2026-06-18 21:29:09.752', 1781818149),
  ('83f534d8-710a-4b5f-bc9f-a2bb65c157c6', '17b5dc69-56c3-4102-8b07-532c9da26940', 53.49090426616644, 8.490073023195688, 22.0, 223.10852620753698, 'city', 'mock', 8.09, 0, '2026-06-18 21:29:09.750', 1781818149),
  ('d6de95e4-88f0-42d7-92ce-3de108396867', '6457d458-02a4-4111-9a9c-83d18ae8294d', 53.49173864621377, 8.59730261370103, 0.0, 127.21775481421663, 'parked', 'mock', 5.43, 0, '2026-06-18 21:29:09.748', 1781818149),
  ('4949abe1-f20e-4117-abab-3513f9788b43', 'dd6fe22b-ee40-4ad3-b629-9cf350c145c6', 53.62238957276052, 8.600819506653032, 68.0, 50.04692970827721, 'highway', 'mock', 9.3, 0, '2026-06-18 21:29:09.749', 1781818149),
  ('2f9d145a-8b28-4b45-9e12-b66466e13686', 'ae5e113a-a5ef-437b-a96c-1cfcb627932b', 53.55507344711011, 8.593751159167805, 0.0, 172.40857094280412, 'parked', 'mock', 1.92, 0, '2026-06-18 21:29:09.750', 1781818149),
  ('0c078c1d-74ed-4b16-975b-08207df033b0', '2efd096d-62e3-4fa9-813b-f0ec1d4e5709', 53.55364471984526, 8.644564105516917, 0.0, 157.41478504851216, 'parked', 'mock', 4.49, 0, '2026-06-18 21:29:09.751', 1781818149),
  ('8a69ebcb-9abe-4b4a-8bf9-ae538a16bfb2', '17b5dc69-56c3-4102-8b07-532c9da26940', 53.49150716905633, 8.491021611319063, 22.0, 225.114662268104, 'city', 'mock', 7.99, 0, '2026-06-18 21:29:02.912', 1781818142),
  ('0e1b76b1-9e30-4aad-aafe-17714dc2e2ec', 'ae5e113a-a5ef-437b-a96c-1cfcb627932b', 53.55507344711011, 8.593751159167805, 0.0, 184.82051712701445, 'parked', 'mock', 1.92, 0, '2026-06-18 21:29:02.913', 1781818142),
  ('52c35b77-9d43-4cde-85d4-585b7d246a28', '2efd096d-62e3-4fa9-813b-f0ec1d4e5709', 53.55364471984526, 8.644564105516917, 0.0, 169.24542683109948, 'parked', 'mock', 4.49, 0, '2026-06-18 21:29:02.913', 1781818142),
  ('3ca2018f-f979-4fef-b459-badcc5c32852', '9b34940c-b6cd-4b8a-8c67-86eb53cff5c9', 53.6140079339723, 8.469164330773692, 48.0, 182.86177918540417, 'highway', 'mock', 11.08, 0, '2026-06-18 21:29:02.914', 1781818142),
  ('5057a21b-3e02-4592-8ecb-f6bb98464940', '9717a2f1-55f4-4d29-a6c3-816dba94b36d', 53.644113851580684, 8.609308164804762, 0.0, 201.53739873958935, 'parked', 'mock', 11.77, 0, '2026-06-18 21:29:02.914', 1781818142),
  ('3b60fa08-c7cf-4ad8-b16a-4e3d860978d9', '6457d458-02a4-4111-9a9c-83d18ae8294d', 53.49173864621377, 8.59730261370103, 0.0, 113.16584151099896, 'parked', 'mock', 5.43, 0, '2026-06-18 21:29:02.911', 1781818142),
  ('20a4a325-55bd-4584-91f5-8a031eb88348', 'dd6fe22b-ee40-4ad3-b629-9cf350c145c6', 53.620750425756206, 8.59752053222308, 68.0, 51.06554794011187, 'highway', 'mock', 9.09, 0, '2026-06-18 21:29:02.912', 1781818142),
  ('5457eda4-ce8b-4dd9-9bfb-c7c962b5fb88', 'ae5e113a-a5ef-437b-a96c-1cfcb627932b', 53.55507344711011, 8.593751159167805, 48.0, 214.14555437983648, 'highway', 'mock', 1.92, 0, '2026-06-18 21:28:56.348', 1781818136),
  ('456753ae-c565-4b9b-851c-df95306049f7', '2efd096d-62e3-4fa9-813b-f0ec1d4e5709', 53.55364471984526, 8.644564105516917, 0.0, 172.16397871703268, 'parked', 'mock', 4.49, 0, '2026-06-18 21:28:56.348', 1781818136),
  ('e8e5aca3-2bb9-435a-887c-5c3c9e06b5c4', '9b34940c-b6cd-4b8a-8c67-86eb53cff5c9', 53.61580748871908, 8.469315980319774, 68.0, 104.92101873029026, 'highway', 'mock', 11.23, 0, '2026-06-18 21:28:56.349', 1781818136),
  ('39609b6d-59e7-4b8b-9ae4-b604969291f9', 'dd6fe22b-ee40-4ad3-b629-9cf350c145c6', 53.619146322850234, 8.594173077567369, 68.0, 47.75727258060144, 'highway', 'mock', 8.89, 0, '2026-06-18 21:28:56.346', 1781818136),
  ('25bde3e6-b275-413d-b817-78fca77173cb', '17b5dc69-56c3-4102-8b07-532c9da26940', 53.49208994631456, 8.49200510650244, 22.0, 230.92811440937328, 'city', 'mock', 7.9, 0, '2026-06-18 21:28:56.347', 1781818136),
  ('aa7e14d5-cd8f-4c01-8ae0-7d537c504d38', '9717a2f1-55f4-4d29-a6c3-816dba94b36d', 53.644113851580684, 8.609308164804762, 0.0, 196.1144900578912, 'parked', 'mock', 11.77, 0, '2026-06-18 21:28:56.349', 1781818136),
  ('b1f6c1b5-68b2-4765-8a3a-6bb14d7a67c2', '6457d458-02a4-4111-9a9c-83d18ae8294d', 53.49173864621377, 8.59730261370103, 0.0, 125.68042063253515, 'parked', 'mock', 5.43, 0, '2026-06-18 21:28:56.345', 1781818136),
  ('0fd8a236-4161-413e-968f-26a2807a731b', '9b34940c-b6cd-4b8a-8c67-86eb53cff5c9', 53.61646473855099, 8.465157961960488, 68.0, 91.07990815357964, 'highway', 'mock', 11.46, 0, '2026-06-18 21:28:41.342', 1781818121),
  ('a5377186-3f95-47e2-9cda-64b67dfff7c4', '9717a2f1-55f4-4d29-a6c3-816dba94b36d', 53.644113851580684, 8.609308164804762, 22.0, 155.19462484533057, 'city', 'mock', 11.77, 0, '2026-06-18 21:28:41.343', 1781818121);

-- login_attempts: 8 rows
INSERT INTO `login_attempts` (`identifier`, `attempted_at`, `success`, `ip`, `user_agent`) VALUES
  ('10.64.130.9:test_nope_31b6cd@rentfux.de', '2026-06-18 21:34:16.368016', 0, NULL, NULL),
  ('10.64.130.9:test_brute_c6763f@rentfux.de', '2026-06-18 21:34:16.368020', 0, NULL, NULL),
  ('10.64.129.166:test_brute_8da7af@rentfux.de', '2026-06-18 21:34:16.368021', 0, NULL, NULL),
  ('10.64.129.166:test_nope_bda9d4@rentfux.de', '2026-06-18 21:34:16.368021', 0, NULL, NULL),
  ('10.64.130.9:test_brute_58bd25@rentfux.de', '2026-06-18 21:34:16.368022', 0, NULL, NULL),
  ('10.64.129.166:test_nope_f3043c@rentfux.de', '2026-06-18 21:34:16.368022', 0, NULL, NULL),
  ('10.79.128.145:test_nope_1573e9@rentfux.de', '2026-06-18 21:34:16.368023', 0, NULL, NULL),
  ('10.79.128.145:test_brute_4509eb@rentfux.de', '2026-06-18 21:34:16.368023', 0, NULL, NULL);

SET FOREIGN_KEY_CHECKS=1;
